step,time,pos_error,rot_error,ik_pos_error,ik_rot_error,target_x,target_y,target_z,ik_x,ik_y,ik_z,actual_x,actual_y,actual_z
0,0.06741929054260254,0.0003652973389828637,0.004014257279586672,2.3057087592262905e-07,2.853250969231589e-11,0.14144140931980825,1.1257629632756308e-08,0.392267542471354,0.14144118022868424,1.1259292170912967e-08,0.39226756855172434,0.1414826491879756,1.2296129020413823e-08,0.3926305044792011
1,0.13486003875732422,0.0010464378051118638,0.008343464000671388,2.401565813275485e-07,1.5170886779236282e-06,0.1438386139810312,-0.0009448583936652288,0.3926408310627761,0.1438384306650461,-0.0009447139532530043,0.39264088769669236,0.14279375685467594,-0.0009071775481358649,0.3925974050411746
2,0.20208978652954102,0.0015990345364001114,0.022354320440179373,5.277776075548373e-07,1.0588459174256505e-06,0.1462430148205536,-0.0021743712832702575,0.3927275740581822,0.14624250081409423,-0.0021742666087908803,0.3927276322803097,0.14545799897071837,-0.003550870937766258,0.3925133072495529
3,0.26932358741760254,0.002813294188366732,0.03457412095146729,4.503121612409138e-06,1.0897573903769977e-05,0.1488788660993196,-0.0034449134713091397,0.393093124488907,0.14887915843151628,-0.0034409873346007863,0.3930909386031162,0.14796347933624726,-0.0059399967622605805,0.392170492040147
4,0.33650946617126465,0.003179951434105034,0.03775825527854212,1.4220066759021677e-07,1.7007385216672873e-07,0.15162268890293668,-0.004539524978696136,0.39341286959557775,0.15162254773461958,-0.00453952237540875,0.3934128864999857,0.15160677531966438,-0.007178676417968389,0.39163897062389946
5,0.4037206172943115,0.0025129461766530653,0.036150427151014054,3.4980811387512373e-06,4.627440451954794e-06,0.15482748776224983,-0.00590260507177577,0.393055813605576,0.15482399946163825,-0.005902813070942059,0.393055971930695,0.15406064708537398,-0.008079494442070068,0.39206182842835074
6,0.4708724021911621,0.0030467376945590595,0.0334369804133316,8.871474439085528e-07,3.25478494338305e-06,0.15769835782653177,-0.006737767092757177,0.39333123359413713,0.15769753221701138,-0.006737506193197016,0.3933314268062656,0.15692274914322202,-0.009151682926513352,0.39164183959113996
7,0.5380654335021973,0.0023702667578366986,0.02612497984848677,5.566252410757529e-07,6.092822822124851e-06,0.16062610362268678,-0.0074745560316036705,0.39328116061028234,0.16062598635056374,-0.007475090461886524,0.39328126289997356,0.15971594258452046,-0.009466771738842568,0.3923751540078007
8,0.6051890850067139,0.0021483430548164804,0.02479715154099413,6.299755574078124e-07,1.0553736914275997e-06,0.1637263496812131,-0.008257209391537242,0.39332715721492556,0.16372572245412756,-0.008257266160069967,0.39332717247008137,0.16319148175793918,-0.01010249069185485,0.39236578782258513
9,0.6723999977111816,0.0018205998949854941,0.018085930989719178,2.4825952998690076e-07,1.3072732574134527e-06,0.16698840138226198,-0.008863493393175112,0.3933871830259337,0.16698819919255642,-0.008863390862570597,0.39338728421680447,0.16597387223096122,-0.010033201591296751,0.3924295310484235
10,0.7397012710571289,0.0011649693104332556,0.0143752189676766,2.478551616821471e-07,2.161385707818569e-06,0.16975323438444156,-0.00961356878023641,0.39354449302977784,0.16975308063343342,-0.00961374441106138,0.3935444096833803,0.16909107816481694,-0.010561777143897428,0.393404480408393
11,0.8069310188293457,0.0009621599312387548,0.00831448505885675,6.715277620893373e-08,9.144800029780295e-07,0.17296181445915648,-0.009792283971396924,0.39317303011077653,0.1729617657922471,-0.009792325162342554,0.39317305118999096,0.17223778962945835,-0.010370739992176923,0.3929143248512913
12,0.8744986057281494,0.0009549907640874876,0.006107498509101547,1.7624298494949182e-07,1.4034996328108601e-06,0.17612928510465053,-0.010114624691569212,0.3933041611564,0.1761291617131607,-0.010114528810905793,0.3933042426611751,0.1755533958107079,-0.010435555725096239,0.39261324715861595
13,0.9417064189910889,0.0007418529466854877,0.003912523289008659,4.32921332338058e-07,4.634311627779593e-06,0.17919033691016129,-0.01037797472583747,0.3933290057634662,0.1791901996418352,-0.010378356473027562,0.3933288546100028,0.1784773079620773,-0.01053663617781072,0.3934584741277794
14,1.0089261531829834,0.000661526967322352,0.004895056695296869,4.6736149649811313e-07,1.1889630661389397e-06,0.18249518609527868,-0.010481623446678672,0.39282962942607136,0.1824950933437725,-0.010481232217713054,0.3928293911744754,0.18200593539885318,-0.01090599906517091,0.3926948814428909
15,1.0761487483978271,0.0008885767664008649,0.00562177688679089,3.8184532640954883e-07,4.221707302805855e-06,0.18582014022175783,-0.010749557655916515,0.39275478707662703,0.1858200925585321,-0.010749882148145169,0.39275498262422676,0.18502905925618474,-0.011150455710851123,0.39269964793222845
16,1.143312931060791,0.0006850377465197597,0.0037853967619256882,4.769406341390992e-07,1.545873014669299e-06,0.188400622981394,-0.010968340490217582,0.3925713732749091,0.1884008429667986,-0.010968001551214397,0.3925711198994123,0.18802180424292309,-0.011391282255660806,0.3921881066045816
17,1.2105202674865723,0.0006951996490697385,0.0023087925951870286,1.3697450544824907e-07,1.0390667187589243e-06,0.19130300844747644,-0.011468815919733684,0.39233476633801745,0.1913030323997527,-0.011468950375380418,0.39233475585075533,0.19064714611847194,-0.011587884222923587,0.3921373583933066
18,1.2777557373046875,0.0009895042519284724,0.002769329161969595,8.08688852994738e-08,1.249722874629275e-07,0.19418905919773533,-0.01171228905029991,0.3918831296258423,0.19418907786705797,-0.011712242538848415,0.39188306615996266,0.19338029305131316,-0.011892725454919196,0.39242392412366384
19,1.3452906608581543,0.0008398210460639257,0.004793463540941254,3.9154155501664166e-07,4.1229191318174766e-06,0.1969898469374401,-0.012165543641277435,0.39134388568195116,0.19698974955748216,-0.012165894485649071,0.3913437417022304,0.19626076721531904,-0.012315941434729367,0.3917326306522448
20,1.4124689102172852,0.001177596214948307,0.0035655960320930087,3.746917437320481e-07,1.2204815386948763e-06,0.20017013071150788,-0.012252987901749236,0.3908821343155886,0.20017014959116786,-0.012253344248025898,0.3908820200580183,0.19902460541057065,-0.0125151052671813,0.3909582862499843
21,1.4796833992004395,0.00040546887040734383,0.00303904426570417,2.186603356366632e-07,2.6640297266334645e-06,0.2026764057718276,-0.012729073963176567,0.38995789007507475,0.2026762892168562,-0.01272912790224302,0.38995806704359776,0.20232014050935987,-0.01290540456675995,0.3898779677010602
22,1.5471255779266357,0.0008473762976404477,0.005364873850398934,3.639134443232232e-07,1.7514943143294537e-06,0.20568029344413352,-0.01326456745850618,0.38873547042045803,0.20568000621990798,-0.01326478668903235,0.38873551370111903,0.20488069512705537,-0.013463813903593257,0.38853801162665846
23,1.6145803928375244,0.0007352429987205884,0.004196894390631327,1.2300877165520164e-07,1.1724569597244732e-06,0.20910677961477314,-0.013362076802416217,0.38839723575698076,0.20910671855190532,-0.013362143922898948,0.38839715270684605,0.20862885583554736,-0.013572134024215903,0.3878795031117014
24,1.6818630695343018,0.0006756902192589541,0.004864088433080387,2.1797833134171406e-07,1.103477662078855e-06,0.21156744612543266,-0.012853481404311994,0.38771466610210165,0.2115673175157754,-0.012853656725949705,0.38771468147845833,0.21124066734656397,-0.013409333060551098,0.3879166607513861
25,1.749021053314209,0.0010362065810216384,0.0055112268501148216,6.790397407078554e-07,5.422005357566143e-06,0.2147629397385467,-0.013011274336761365,0.38688022573488695,0.2147626936496918,-0.013011832746712077,0.3868799278866506,0.21390886677060017,-0.013238353976524404,0.38633919128017946
26,1.8162050247192383,0.0006013608507353646,0.0038862803732913954,3.777305258013558e-07,1.538904281583482e-07,0.2174798520570798,-0.012668654428298485,0.3860006160193004,0.2174798956921108,-0.012668420577525093,0.38600032260807027,0.2169372978184042,-0.01291880742315882,0.38593210872001976
27,1.8834939002990723,0.0005676949162988828,0.0017436233161315766,1.0985549800733652e-06,1.339265915919632e-05,0.2203939048657443,-0.011919188369971016,0.38517508207754186,0.22039362016737388,-0.011919736381221062,0.3851759906222859,0.21989099993587446,-0.01210958290910431,0.3849931093626299
28,1.950699806213379,0.0006394976572892812,0.0033517499454885444,8.379214711559521e-08,1.1062622590364577e-06,0.22259094335433244,-0.011847367025328842,0.38453662153649476,0.22259093548603534,-0.0118474116102864,0.38453669204461755,0.22281121606665497,-0.012098550817072526,0.3839913290565816
29,2.01796293258667,0.0007415400017364709,0.00191677540423875,1.2158959241503505e-07,3.8222500276302526e-07,0.22503743125030162,-0.011181298655818241,0.38381032101325113,0.22503746753853443,-0.01118126538754812,0.3838102098358463,0.22440435528192804,-0.0114805519985001,0.3835663049700554
30,2.0851986408233643,0.0005154463551717852,0.0013120060259673842,3.9606949872124914e-07,4.247099568246505e-06,0.2270988793965475,-0.010958215189670438,0.38359032858525466,0.22709880032908353,-0.010958417956107169,0.38359065950088755,0.22684655637439927,-0.011231083556618846,0.38323317190832873
31,2.152459144592285,0.0007720566456825595,0.0030406294561647357,5.427163591914621e-07,6.522006990697739e-06,0.2289796057677309,-0.011565047119315155,0.38329813810177327,0.22897969401654253,-0.011565546330550375,0.3832979443459052,0.22825435672864303,-0.011500409745821847,0.3835548622833234
32,2.220053195953369,0.0013022295368819744,0.0031470704018556595,9.187063200777921e-08,1.3788227202452356e-07,0.23244346071634436,-0.011285769440839892,0.3840478463030145,0.23244348295458223,-0.011285751861155534,0.38404775891520926,0.23119685123324862,-0.011207967236465596,0.3836794533329701
33,2.2872772216796875,0.0015982876296355703,0.007285293401087917,3.83803921876607e-07,1.6923542714948755e-06,0.23549774464775314,-0.01083050304876394,0.38391379942153137,0.2354973861666306,-0.010830392552284247,0.383913880583488,0.2344967281033724,-0.011454678273095383,0.3849921752902585
34,2.354452133178711,0.0004706705645529669,0.002379009687421007,3.0862717014882023e-07,2.0102436432159806e-06,0.2378959711331846,-0.011152742727430092,0.3835436606836747,0.2378958735833419,-0.011152966691294855,0.3835434720704577,0.23760880670147877,-0.011292722690934115,0.3831980120480386
35,2.421643018722534,0.0006574467432057821,0.0026179630619830026,1.934636399613693e-07,2.1614239473223607e-06,0.24055340065604142,-0.010740830407318184,0.3828580453397112,0.24055335699576239,-0.010740768902735091,0.3828582234945491,0.23996736290437026,-0.010643426903789145,0.38257642763560085
36,2.489253282546997,0.000624561270143675,0.00453499998659094,7.542775035348857e-07,7.734481907532211e-06,0.24307812438614051,-0.010681277401848087,0.3819980078484191,0.2430780263383453,-0.010682021472184092,0.3819979324792127,0.24252148064988188,-0.010935359322853515,0.38187284032681024
37,2.556506872177124,0.0009027819315154576,0.007350461809529186,4.596193466249134e-07,5.000977616487262e-06,0.245346279387555,-0.010421367481701097,0.38143891961950904,0.24534621127894277,-0.010421771037843027,0.38143871044589445,0.24493161626284626,-0.010621161804087308,0.38066229104829896
38,2.623652219772339,0.0005201146323624136,0.006295144396657638,6.936229689736034e-07,7.579374355727605e-06,0.24815902568066067,-0.010403033211541556,0.38114282400578287,0.24815901528335604,-0.010403561981061056,0.38114327279026833,0.24774094625643708,-0.010575702607738763,0.38088608658066675
39,2.69085693359375,0.0006518238702027671,0.0053457934659841,3.1252205521649214e-08,3.7598748900632015e-07,0.25020684577370467,-0.010594570446828702,0.3814540357775104,0.25020682136484523,-0.010594552997429204,0.3814540270352917,0.2499842115633581,-0.01101332355583088,0.3810068733910662
40,2.758112668991089,0.0005380808759889114,0.0010322351683461708,1.5030242534328715e-07,1.5195690631921561e-06,0.2525866116176405,-0.010689879428496422,0.38120790085456024,0.25258656772075977,-0.010689997061632239,0.3812079834761572,0.25211127144023393,-0.010661383703881911,0.38145844174648563
41,2.825305223464966,0.0003792534385240363,0.003973840859132708,2.1652664765780966e-07,3.559485503883934e-07,0.25438132765752,-0.011694118352610161,0.3809409988274393,0.25438128990382164,-0.011694289637617367,0.3809408718632959,0.254229687412201,-0.011814742357568714,0.3812670176245349
42,2.892832040786743,0.0008018679958430575,0.0048274254839567364,9.277924760700019e-08,1.8709690856472233e-07,0.2568620245840292,-0.012162907410869717,0.38069067717909505,0.25686203887700154,-0.012162925786827535,0.3806905873680495,0.2561046923995825,-0.011996581662332084,0.38089506893659025
43,2.9600582122802734,0.0004948750730335676,0.005619973589540375,1.0081126768635551e-06,1.1024179948845607e-05,0.2595397550579205,-0.012964829586657968,0.3799353929144932,0.25953955897595304,-0.012965484889450011,0.3799346523597808,0.2592547067104909,-0.01319879270452046,0.379605377707241
44,3.0273470878601074,0.001121056825279209,0.00947719803004515,6.699666481891267e-07,7.746890215740269e-06,0.26228905621894216,-0.013201709978626823,0.37955842545766616,0.2622890324556462,-0.013202359824610772,0.3795585866743297,0.26180251644096864,-0.013424966533112764,0.37857343613750394
45,3.0945403575897217,0.0007076227015914855,0.00461333427688788,1.2591916788541747e-06,2.5591447486585377e-05,0.2644829413288223,-0.014162263496292406,0.37968507138811614,0.26448292619548897,-0.014163256297327871,0.3796858457786961,0.26388161576673086,-0.013853676338499847,0.37947552086383
46,3.1617343425750732,0.0004516568264469232,0.002804430106527351,7.105979569088965e-08,4.274286944897443e-07,0.2670237761433156,-0.014761878983921128,0.37973096144395707,0.2670237107209572,-0.014761884594265952,0.37973093427902355,0.2667993529644937,-0.014408006482507448,0.37956243139195806
47,3.2289698123931885,0.0008178488693290397,0.008096199945463315,3.343683556872004e-07,3.473348140651758e-06,0.2694285138672776,-0.015429814715178127,0.37961115168668574,0.2694283690290048,-0.015429920134672315,0.37961086935567034,0.26873749600576136,-0.015074631631183794,0.3793557773242831
48,3.296213150024414,0.00038896583805756986,0.005706356543422172,2.382741315473789e-07,2.575942283923053e-06,0.27175429512428984,-0.0163731352502464,0.379581863135508,0.27175427734734114,-0.01637313405302125,0.37958210074255444,0.2714033435612878,-0.01627330338893244,0.379447100295419
49,3.363480567932129,0.0005828375447901613,0.0035396175328798224,2.429357006667105e-07,5.026846026489349e-06,0.27346913013745855,-0.01668712376247525,0.3797026697732481,0.2734691299965446,-0.016687365657634297,0.37970264731290904,0.27362706350459354,-0.016437168996286014,0.3792003956747504
50,3.430994749069214,0.0010654420835855716,0.005838571679317265,1.806448862934939e-07,2.6007676044054683e-06,0.27528851823426426,-0.017534707554208433,0.3792857800404615,0.27528849708200714,-0.017534782852778992,0.3792856172053233,0.27472618170840024,-0.017382107172547148,0.38017777644666007
51,3.4983248710632324,0.0010174196431072396,0.01024651530825637,1.7717881331953213e-07,3.724623862196929e-07,0.27719942473254366,-0.017727581554425022,0.37905427119990487,0.27719924804430046,-0.01772759238170492,0.3790542636921347,0.276517327196477,-0.017625464573950558,0.3798022403194352
52,3.565861940383911,0.0006256373885486795,0.0019784608358015673,1.5637269461473034e-07,5.330130917841732e-07,0.27967259005473555,-0.017617885569308222,0.3783022676992834,0.27967259870605543,-0.017617860556187102,0.37830211358271043,0.27916534605899906,-0.01755764012389894,0.3786635102176097
53,3.633368968963623,0.0008799405077687198,0.009350408886483239,2.9188072383191856e-07,1.7176015392417591e-06,0.2813656741707814,-0.01854845169010798,0.3782168363141317,0.2813655999140365,-0.018548659734327233,0.3782166455318065,0.2812261300660747,-0.01826734024216597,0.3773947663086639
54,3.700587034225464,0.0005901848877518991,0.0057022908048418456,3.448995038848075e-07,5.232317079255111e-07,0.28301871198054407,-0.017655306683467976,0.37805917777306575,0.28301865159760037,-0.017654994264103285,0.3780590447177823,0.2830005351742684,-0.017817611166692292,0.3774920401705656
55,3.7681095600128174,0.001055112542131372,0.004920510076543209,3.172132659454162e-07,3.3199081239345726e-06,0.2850409991470258,-0.018196976943075083,0.3775590289252001,0.2850410002229832,-0.0181972068187558,0.37755924751218467,0.2841072788179368,-0.018466789557927993,0.37796967472936116
56,3.8355650901794434,0.0006489256638824292,0.006227335285075042,9.210491666061815e-07,9.476168438925829e-06,0.28633950369062877,-0.0187701657832208,0.37701480681984795,0.2863394065475662,-0.01877063164431197,0.3770140182336216,0.28590448535750934,-0.018442279125220326,0.37736744531264266
57,3.9029271602630615,0.0009190147278859606,0.0013734029077334719,4.1373700994749063e-07,3.137960218518404e-06,0.28840907861828113,-0.018686850720013356,0.37647010288380084,0.28840912415060876,-0.01868711753614784,0.3764697899712397,0.28751755331700524,-0.018797995755388444,0.3766635388896728
58,3.970181941986084,0.0006124245533316868,0.003958369338156295,1.4301613018776765e-06,4.085258388780734e-08,0.2897263692943981,-0.01901837611020457,0.37608536523030295,0.28972528695577776,-0.019018264202262627,0.37608443712412754,0.28968322314735806,-0.019168056594647015,0.3754930832061825
59,4.037377119064331,0.0005331100672337881,0.00203786777726344,4.3932346084415245e-07,5.272967469450165e-07,0.29135465423329426,-0.018979328179102223,0.37609150449104123,0.2913546575803686,-0.018979484190453866,0.3760910938155507,0.2909623220570294,-0.01929931521538409,0.37592450118608944
60,4.104578018188477,0.0007184650542820507,0.004166644450225104,2.868265722228186e-07,2.6023150921353916e-06,0.29270025016740664,-0.019082829097959622,0.3761425859688865,0.29270024435236597,-0.019082555718278466,0.37614267256691053,0.29261986995988926,-0.019478811371971418,0.3755485076111487
61,4.171798467636108,0.0004226854615651324,0.0030644223132431435,3.582637577745363e-07,1.6531969354975678e-06,0.294203615970556,-0.01953525731058772,0.376529446699843,0.2942035210408658,-0.01953507078040309,0.3765291559288605,0.2940055859390231,-0.01916237449284719,0.37650930941443783
62,4.2392449378967285,0.00033894454052452774,0.0016020402073938854,3.7854775309560065e-07,3.961413675226268e-06,0.2946012502322217,-0.019584442288675754,0.3770706994186963,0.29460114466153126,-0.01958462908206692,0.3770703875510005,0.29466374426547365,-0.019406839751878426,0.37678885684511587
63,4.306615114212036,0.00042842057591435743,0.0027861621506413913,2.3962588713658986e-08,2.0119842017777e-06,0.2953356895437129,-0.019991558533522195,0.3771853815674094,0.29533570788503527,-0.019991547145067057,0.37718537117007117,0.2952795783213453,-0.019609944381354508,0.37699892417426945
64,4.373874187469482,0.000941060467292093,0.004829484181616021,6.090064155303107e-07,6.620506102638458e-06,0.2957658009438832,-0.020258407102822906,0.3776649624403283,0.2957656454523903,-0.020258660117885068,0.3776644307500161,0.29537320050786137,-0.019684342480366934,0.37829892577521446
65,4.441093683242798,0.0006891770412904719,0.0031406450404299255,9.470257916777819e-08,6.982297685756672e-07,0.2959547635118194,-0.020993101878599423,0.37796266225389175,0.2959547605277554,-0.020993112993643436,0.37796256825320207,0.29586009756659604,-0.020370753509667872,0.3782431722550416
66,4.5087573528289795,0.0004890672203717115,0.002076059591844294,1.7958666919778142e-07,1.7706724858550271e-06,0.29647909836829445,-0.020755667704049924,0.37788356198814493,0.2964790459423029,-0.020755778155911966,0.3778834304462378,0.29614244016396113,-0.020401592435990205,0.377905441294478
67,4.57597017288208,0.0005877622763538818,0.0033507602300490032,4.345620079510979e-07,4.8773839178053844e-06,0.29671363176993654,-0.020893051424187067,0.377819984341582,0.2967136259330475,-0.020893484605575892,0.377819950224814,0.2964337204453674,-0.0204283710798052,0.3775937403992812
68,4.643486499786377,0.0005939988834972992,0.001996745580635058,2.7123627329063423e-07,1.338339389642591e-07,0.2969183981927805,-0.020475185738944853,0.3777792882824883,0.2969184099882173,-0.02047529269553393,0.37777903930403206,0.29679559712526093,-0.020628366327267222,0.3772186723009347
69,4.710661172866821,0.0005924765632851413,0.0024299121864599514,2.232185222265066e-08,8.60652270611766e-08,0.2970637994303622,-0.02011984677019489,0.37790131396670035,0.2970637945076762,-0.020119832768813385,0.3779012972935613,0.29683486612372917,-0.02063250876288015,0.37771211644977104
70,4.777838230133057,0.0005930741882316217,0.004215811310258484,3.0293892110998796e-07,1.28029334099746e-06,0.297088037180545,-0.020082246678575562,0.37774015937373356,0.29708774791174547,-0.020082262494461826,0.3777400707994185,0.2968471565346261,-0.020621756016484288,0.37779157125443824
71,4.845477342605591,0.00023219852722543868,0.001313958146231239,1.31129150280462e-07,1.7485823429775713e-06,0.2970596495048682,-0.019935929320977593,0.3777548405949777,0.29705964886006975,-0.019936059835104946,0.3777548279260847,0.2968878100393257,-0.02007975421718387,0.3778156826310957
72,4.912765264511108,0.0002024632619458143,0.0029029187160460614,1.1129175858471194e-07,1.0183037841683792e-06,0.2970404789690415,-0.020217801262987004,0.37771953955781223,0.297040415893931,-0.02021787272304243,0.37771959701080554,0.2968967325028306,-0.020256937010156052,0.37785664068539015
73,4.979994535446167,0.00027960961726187995,0.0038276583385756643,2.2107319705266355e-06,8.272474958576056e-06,0.29693474251337276,-0.02018257641234681,0.3776556162554805,0.2969345518833075,-0.020181507944505548,0.3776536902823509,0.29690294668192424,-0.020078777291183278,0.37791329106141525
74,5.04718279838562,0.0009069246560888961,0.002110587799114241,3.5611405114710247e-07,7.142423961759298e-07,0.2973909602105975,-0.019844219897661528,0.377237670836026,0.2973909668587428,-0.019843915389956786,0.3772374863148149,0.29691213363274455,-0.020071721567091336,0.3779735243748299
75,5.1143879890441895,0.0012790517136248626,0.0025100375695732294,2.0512847148364366e-07,2.022162670616922e-06,0.2972446180061644,-0.020224667894509753,0.37685984803118244,0.29724451975695715,-0.020224842808320282,0.37685980525336144,0.29692830055725733,-0.020027830695057987,0.3780834376987408
76,5.181575059890747,0.0003215349908383458,0.0036984215824268406,3.107813617096201e-07,3.623723616457764e-07,0.29740610296880576,-0.02017256444789288,0.37714125390394343,0.2974059832443092,-0.02017236194824277,0.37714105081531396,0.2971738730224439,-0.020035865155339123,0.3773166600206027
77,5.248802661895752,0.0004662031414626904,0.001985229281840604,7.403118702139388e-07,7.651597640820628e-06,0.29708023363329583,-0.02038047571329698,0.3769721027303195,0.2970799568859862,-0.020380749881080937,0.3769714732030222,0.2971679077534801,-0.020039380570200105,0.3772775740401267
78,5.315966844558716,0.00045089353936428106,0.0018852356320453669,6.983850676542481e-07,7.5897223561023865e-06,0.2968564703173079,-0.02043952662846303,0.37739986098876244,0.29685644079532625,-0.02044016722491964,0.3774001375865482,0.29710450478401806,-0.020248385757030498,0.3770754398821244
79,5.383251190185547,0.0005050558266674368,0.002656430493333391,1.198460771827705e-07,1.2987379468317596e-06,0.2964926508050912,-0.02068417383677237,0.376900160301937,0.2964926434727485,-0.02068420580714331,0.3769002755721168,0.2965813045310047,-0.020644460851859517,0.3773957859507504
80,5.450501918792725,0.000526895253434652,0.004843132139626379,5.723189090532528e-07,6.4414987910658725e-06,0.29631745020252354,-0.02088937873263138,0.3772118779974941,0.2963173149423588,-0.020889004660542648,0.3772122894870978,0.2965351652624883,-0.020636641938191043,0.3768040264638541
81,5.517749071121216,0.000411966164476936,0.0020586496932820256,1.0797396285460063e-06,1.217029383121805e-05,0.29583788265648264,-0.021386022748264833,0.3774459639521342,0.29583792105972007,-0.02138680440268398,0.37744670784676776,0.2959699570994279,-0.021007002200212028,0.377353142153249
82,5.584946870803833,0.0004741447474574344,0.004059663557536369,1.3909318108776996e-06,9.263820011872826e-06,0.29550671951613305,-0.021694669178836324,0.3772224149965333,0.29550652165572866,-0.021695318792651887,0.37722120110014007,0.2958804112633039,-0.021448654416675223,0.377065429467147
83,5.65214467048645,0.0006333227548576081,0.0028908059536099906,6.142276048074916e-08,1.2909057516358465e-06,0.29494656300930977,-0.022626757488782918,0.37668260673489173,0.2949465733887865,-0.022626817716803863,0.3766826006023995,0.2953164646903476,-0.02211529603853618,0.3767343526825332
84,5.7193286418914795,0.0009309233081413492,0.006156834934092052,3.8799485254418e-07,4.072627481036763e-06,0.29470687694076436,-0.022825982217742184,0.3761293071140005,0.2947067054348982,-0.022826069111534054,0.3761289701047834,0.2952205928624383,-0.02226081284750938,0.3755970499013578
85,5.786601305007935,0.0006473852899434824,0.0019395117565796825,4.864935685542692e-07,2.524804494400465e-07,0.2945749326148459,-0.02323151243273943,0.3759814120748944,0.29457494977625437,-0.02323116002582237,0.3759810771258787,0.29515511650243154,-0.02334197863167934,0.37571628646482813
86,5.853811025619507,0.0005561322031412824,0.002215577864368321,7.758173336524306e-07,8.492985989759197e-06,0.29436733604688925,-0.0232315333987391,0.37594559019500146,0.29436727263806356,-0.023232293050439445,0.37594573442103996,0.2946525702221604,-0.023219648530033627,0.3764228566221928
87,5.921253442764282,0.0002726951508385341,0.0011315575627560547,1.430742082930646e-07,6.562668858458743e-07,0.29389122800627665,-0.023467905293791207,0.37597189954011756,0.2938910889218339,-0.023467891341848235,0.37597186902634766,0.2940867888485291,-0.0235277230281772,0.3761522892319552
88,5.988570213317871,0.0006718581792228533,0.0024646541396561145,2.256463503595719e-08,4.920986936144924e-08,0.29369192532534344,-0.023426038008289865,0.37601951388358257,0.2936919268920707,-0.023426027905736314,0.3760194937677547,0.2936301600461743,-0.023472192868381432,0.3766869329364779
89,6.055922985076904,0.0008538835183947272,0.003781100089284866,3.889912381885037e-07,2.774144093673924e-06,0.29379333589972,-0.023317723338710454,0.3759540069351915,0.29379300353791343,-0.023317761051107114,0.37595380837137793,0.29363441268198087,-0.023461461687939857,0.3767805659232924
90,6.1231207847595215,0.0009592922174253411,0.002880384787259678,9.55910331631788e-07,1.4084362965761604e-06,0.29389138429752504,-0.023418157087127765,0.375776794343055,0.2938915513363867,-0.023418256173082762,0.37577585837053706,0.2936275533225505,-0.023236114066042472,0.37668094870682867
91,6.190577030181885,0.00038305844160328603,0.002583691288328558,9.260438553945425e-08,1.8094628609413752e-06,0.29370441716299656,-0.02301779901379696,0.3758040296692153,0.2937044311938679,-0.023017861497746574,0.37580409656064157,0.2935799681111185,-0.023230515814439794,0.37609728342604454
92,6.257728815078735,0.0003629666242002404,0.0018122190765275435,2.4578790947343114e-07,2.734928940885629e-06,0.29388966553498674,-0.022855611016016433,0.37603630210674915,0.2938895882814915,-0.02285581850051574,0.3760364088483833,0.2935730503420092,-0.023028344757254612,0.376077077644722
93,6.32494854927063,0.0005417247566851142,0.002310154110271092,2.8981541554559647e-08,7.746796873816773e-08,0.29400157177456115,-0.022284873823764095,0.37637318694274097,0.29400154432715153,-0.022284867375642,0.37637319365028726,0.29361434700706834,-0.02219418535622189,0.3760053577795408
94,6.392281532287598,0.0005700521326670729,0.003031946006548,1.9488041132125788e-07,1.7047576996201714e-06,0.29418270398994484,-0.02175503773739062,0.37612376012106247,0.2941825718827479,-0.021755069597322003,0.3761236204392526,0.293646467712467,-0.021661837188760143,0.37595427930677966
95,6.459475040435791,0.0003691225016231656,0.0014118297633944118,4.858100335055814e-07,5.309084746829484e-06,0.2944260914307411,-0.021413067436975637,0.37633458494598293,0.2944260483297285,-0.021413192561999167,0.37633505238305875,0.29419635974598457,-0.02169614999433433,0.3762768005195107
96,6.52668023109436,0.0006583307271465871,0.002903336705442683,6.740208849099683e-08,8.86926293548619e-07,0.29477871696636593,-0.02110982660490127,0.3764661670649092,0.29477871323881777,-0.021109805708172957,0.37646623103735377,0.2947292566031363,-0.021121189951758802,0.3758097953004931
97,6.593909740447998,0.0010797085060628919,0.0035110286745245584,3.254376257483152e-08,1.0382604945331172e-07,0.2946418476068752,-0.02126705240606478,0.37690038832642003,0.29464181611371953,-0.02126705496210865,0.3769003961202811,0.2947372241444567,-0.021323650735104602,0.3758263909319663
98,6.6613194942474365,0.00043561325931938075,0.001140388600673789,8.419091013850772e-08,9.332625916758276e-07,0.294706144478522,-0.02130863866563098,0.37724920445331317,0.2947061276410321,-0.02130869076060642,0.3772492684120641,0.2948118712619205,-0.021343629445056408,0.3768280674158512
99,6.7286012172698975,0.0011239824893544824,0.003890704449533033,1.2854605819434832e-06,7.613909392354164e-06,0.2942801442189329,-0.021498608905308088,0.37732021922020736,0.29428003305365624,-0.021499173973756017,0.3773190699818343,0.2947621478183987,-0.021350835020237845,0.376315643665374
100,6.796205759048462,0.0008319040799041395,0.0026412083551818496,1.1492011034553882e-06,6.671870325929672e-07,0.2945248292833732,-0.021180364889450576,0.3774642755789032,0.2945244619429689,-0.02118130808552515,0.37746373142325595,0.2947937336821549,-0.021571119663119,0.3767808536526144
101,6.863433122634888,0.0006082551370436079,0.002386242711624893,3.9683124007376184e-07,9.52946582671529e-07,0.2945490313225991,-0.021491129988595307,0.3772560224023203,0.29454864140374637,-0.021491174842638187,0.3772559638665514,0.2947806066140889,-0.021568420921223196,0.37669891082656115
102,6.930615186691284,0.0007031627379338317,0.0018180247475040262,4.6998101696979164e-07,4.0204353288237005e-06,0.29465915774739476,-0.021525643515055114,0.3774111936557632,0.2946590185658818,-0.021525295791930306,0.37741147755590626,0.29478397329136574,-0.021565726062944393,0.37672035915651136
103,6.997911214828491,0.0005273785755642919,0.001844586124008362,4.318824105927507e-07,8.782401035049347e-07,0.29476403168951126,-0.021767025538850453,0.37718377801469727,0.2947636142412352,-0.02176707552783528,0.37718367921968327,0.2947800395903411,-0.021568878249478216,0.3766953012385966
104,7.065068960189819,0.0003524691593108661,0.0015547690430555126,2.001761232727546e-07,7.586463512823248e-07,0.29474792743782724,-0.021601736933872094,0.37704476314608604,0.29474772817987444,-0.02160172412572084,0.37704474890881684,0.2947800395903411,-0.021568878249478216,0.3766953012385966
105,7.1324310302734375,0.0004971361468412301,0.0018471098321801748,1.337421041637427e-07,1.8875103468442468e-07,0.2948478591483421,-0.021338544529890695,0.37690997417031996,0.2948477276607136,-0.02133853197837115,0.37690999515634704,0.29478072806429084,-0.0217701959516061,0.37667266674064
106,7.199640274047852,0.00047685891412396737,0.0029817506468096805,2.7557764264451754e-07,1.399469902971212e-06,0.2949898112594296,-0.02158069856985442,0.37702093847262513,0.29498955222340195,-0.02158061765282491,0.37702098638721426,0.29477578774051627,-0.021774335227906255,0.3766413423688649
107,7.266902685165405,0.00032440262307151854,0.002189404521884386,5.585885193839339e-08,1.2947741044292008e-08,0.2946439252581562,-0.02171674905380405,0.3769925811359348,0.2946438703589347,-0.021716749888562255,0.37699259141163416,0.2947858248865488,-0.02176600536171251,0.3767050478796862
108,7.33406662940979,0.0004213398681422514,0.001923083210109788,2.365466003603202e-06,9.736546117849755e-06,0.29445860955137015,-0.02152499754698902,0.3768844807999845,0.2944582938677514,-0.02152396803655698,0.3768823746467286,0.2947996916824375,-0.021755017543544513,0.37679348043989025
109,7.401297330856323,0.00046503633949508075,0.002994105364078556,4.243818345045214e-07,3.2723023310983386e-07,0.2948229467520476,-0.021402805512523798,0.37709624220100396,0.2948229523288437,-0.02140253413569197,0.3770959159749229,0.2947996916824375,-0.021755017543544513,0.37679348043989025
110,7.468632221221924,0.0005175600248500293,0.0010859583831878423,1.2989787621393928e-07,1.4857468484651993e-06,0.2944189382603618,-0.021654390652264027,0.37700234305331026,0.29441888057388715,-0.02165444405632165,0.37700244646382963,0.2947884585454246,-0.02137015784666217,0.37677754347486414
111,7.536006450653076,0.0003489985362899965,0.001395056118789733,3.0706745639224856e-07,2.5636263097847954e-06,0.29471484963066746,-0.021272653344359634,0.3771044602502544,0.29471465756026444,-0.02127269437559079,0.3771046962922446,0.2947884585454246,-0.02137015784666217,0.37677754347486414
112,7.603257656097412,0.0004480161351787273,0.0019391986396857946,4.055350241773997e-07,3.7153680854098955e-06,0.2940544188981564,-0.02133616913885823,0.3769251200812092,0.2940543297297916,-0.021336480692945404,0.3769248762745044,0.294278265253645,-0.021318579600011923,0.3773128079384322
113,7.670403242111206,0.000509026602878608,0.0025080812934684706,1.8530838590276506e-06,2.4344709933906836e-06,0.2941923220036985,-0.021545865828413623,0.3768655241240529,0.29419260966558924,-0.02154613755431298,0.37686371378279754,0.294278265253645,-0.021318579600011923,0.3773128079384322
114,7.737696647644043,0.0007534440860759069,0.0024908471916063536,1.2309707507102197e-06,6.957226399760475e-06,0.29417291825327807,-0.02166357949388387,0.37665132848025923,0.29417179088949014,-0.02166331386159273,0.37665174534878126,0.294278265253645,-0.021318579600011923,0.3773128079384322
115,7.804961204528809,0.0004403835497557249,0.001275212783389947,8.412887567181347e-08,7.668369446305118e-07,0.29388529184432755,-0.02201180140767704,0.3766677692103968,0.29388525536714144,-0.022011797485607144,0.37666784491838834,0.2941692109964029,-0.02167628605759337,0.3766402549261341
116,7.872257709503174,0.0006441401784324394,0.002134386171936783,9.307751211835759e-08,3.2117843319586213e-07,0.29378204675710573,-0.022062132740149662,0.3763187280361464,0.29378205521734524,-0.022062064158310895,0.3763186656792783,0.29417065184304036,-0.021676455007943473,0.3766580734995565
117,7.939389944076538,0.0005590558194454317,0.0017720374318276045,7.795880620900375e-08,4.2750493131589795e-07,0.29371361376010785,-0.021996089074646615,0.376552126609205,0.2937136081120149,-0.021996059371976615,0.3765520547522227,0.29416692275849965,-0.021679382731400496,0.37663429383734676
118,8.006691217422485,0.0005434117070167336,0.002452072928568757,3.439988756331302e-07,2.1421041444689894e-06,0.29358554728492275,-0.021697291547954134,0.3765970340492581,0.29358531548094857,-0.02169744405202123,0.37659683071541067,0.29366170432963623,-0.021631597702094534,0.37713105718216483
119,8.073967456817627,0.0005460062464765178,0.0031323202219548517,4.4437363275671435e-08,1.0520302503973208e-07,0.29375482603374836,-0.02185381528405118,0.376607140288531,0.2937547823437387,-0.02185381007381631,0.3766071465107302,0.2936565617401213,-0.021635953576807827,0.37709806108286176
120,8.141260385513306,0.0005716548406921275,0.002444197822158975,1.2847049016252634e-07,4.18032455705252e-07,0.29385154568176197,-0.02178896927849799,0.37661229492381615,0.29385147450354865,-0.021789008109745232,0.37661219527210754,0.29366122470995215,-0.02163200057625158,0.37712797700716905
121,8.208573579788208,0.0007811776193685866,0.002482254779977416,6.541040405552645e-07,6.936447254684428e-06,0.29400106888602007,-0.02171581219533435,0.3765267463836393,0.2940009360860639,-0.021715996219658397,0.37652735985842745,0.29367721783484785,-0.021618943261508487,0.377231001578378
122,8.275842905044556,0.0005529773424802764,0.0019193886505259826,1.0964224221474967e-07,4.861758150794633e-07,0.29394812620417643,-0.021497484611949145,0.37677998094204984,0.29394805793488815,-0.021497490509928545,0.37677989535034817,0.29367994343401366,-0.021616795911285167,0.37724862447068874
123,8.343117952346802,0.0002643950371817106,0.001293646646570262,2.5309725266297957e-06,2.3696684554357108e-06,0.29385984431723405,-0.02168525588839344,0.37697633835030164,0.29386025567253365,-0.021684122167960642,0.3769741132016036,0.2936638617110907,-0.021629794130877667,0.3771449193315209
124,8.410326480865479,0.00032296343162052904,0.001420116998684363,2.698370409947612e-07,4.21080431345659e-07,0.2937707260507842,-0.02158184541978231,0.37686126058933717,0.29377071255326576,-0.02158171066842606,0.37686102719714004,0.2936667701078785,-0.021627385023650747,0.3771636257404016
125,8.477490663528442,0.0006072326388287757,0.0018226764929006832,4.2359180086103923e-07,4.946599112879749e-06,0.29364070445759594,-0.022050003636236878,0.3767179817354862,0.2936405919473653,-0.022050137258140926,0.3767175958382868,0.29364516369861027,-0.021934449674984174,0.37731410158490186
126,8.544684886932373,0.0006742257710558502,0.003504776809524718,4.7492462173724604e-07,1.9495335377702578e-07,0.29391654227166686,-0.0217116809458287,0.37686243052983404,0.29391630994979706,-0.021712072598725388,0.3768622956671125,0.29364780136892576,-0.022152133791693524,0.3772964351474585
127,8.611912727355957,0.0007184097100599236,0.002128730784711775,2.2751487554797286e-07,2.1348044685691508e-07,0.2937076150614153,-0.021820381912982228,0.37657644483602853,0.2937076232012809,-0.021820487915221523,0.3765762436886039,0.2936333848048343,-0.02216338699806567,0.3772033019905089
128,8.679121255874634,0.0006737163730018724,0.0026754826666781717,6.675528873072883e-07,8.191312736157842e-07,0.2938170922795449,-0.02188911981066814,0.3766384525974647,0.2938164548815656,-0.02188892169181673,0.3766384625771476,0.29363727691569846,-0.022160286213875557,0.37722839239773853
129,8.746533632278442,0.00040499930813208383,0.002178269496778856,3.8107805175303716e-07,1.4352879128315486e-06,0.2937914625303836,-0.02152750872103633,0.37684066696483315,0.29379127962182466,-0.021527765685194936,0.37684045310889613,0.29368915493781494,-0.021691423726268373,0.3771966016037067
130,8.814074516296387,0.00025756457820934325,0.0010371804169596148,1.7296937976303528e-08,1.3714810732540163e-07,0.29360479132692985,-0.022341126661174732,0.3768653675164076,0.29360479249975574,-0.02234114349480932,0.37686536371676427,0.2936095508863874,-0.022151275516870118,0.3770393600494317
131,8.881677627563477,0.0003250001012524745,0.0014052183685369917,4.7438005837196297e-07,3.893160811373959e-06,0.29374756478287334,-0.022252911355914222,0.37681708954899223,0.2937475010028089,-0.02225329949810186,0.3768168243807714,0.2936181893021186,-0.02214379194199519,0.37709454225541184
132,8.948959589004517,0.0005749649505413032,0.002421885145528016,6.480500964025927e-07,5.893136850878892e-06,0.29355992823712446,-0.02242345191048354,0.3766878630972278,0.29355947547223665,-0.02242385034131173,0.3766876259775134,0.29363132458868435,-0.022132841203205973,0.37717881388106517
133,9.016385316848755,0.00023653155970707968,0.0024581571823554466,7.882342634591072e-08,1.606151676625415e-08,0.29362756683620095,-0.021972291453231783,0.37697553000455175,0.2936275754297493,-0.02197231148647776,0.3769754542552777,0.2936260840350303,-0.02213714787134831,0.3771451393835493
134,9.083984375,0.0005848340020959237,0.0022713834854990998,2.605905172629575e-07,5.082926532004748e-07,0.29370080263552245,-0.021914644770948316,0.3765938243567216,0.2937008264638742,-0.02191476273925932,0.37659359322233443,0.29362344325468426,-0.022139349459842382,0.3771281970160081
135,9.151229619979858,0.0007904373328701665,0.002392716944531504,8.144461212250487e-07,8.52123676416448e-06,0.2935053918813957,-0.021596167236867376,0.3767127628927615,0.2935050680074857,-0.02159673515348411,0.3767122771985251,0.29364818371187895,-0.022119553202752718,0.3772876270515472
136,9.218931674957275,0.0007928474315786323,0.003658276514951051,1.0264916495094566e-06,4.2825331274653046e-07,0.29393723551760764,-0.021563997309773198,0.376826274243868,0.29393731497478887,-0.021563709491773435,0.37682529213773225,0.2936531143257649,-0.02211583189785063,0.3773195903550058
137,9.286133527755737,0.0009215223301709377,0.0035678987314626503,1.2932461660345974e-07,9.7705466026049e-07,0.2938179115547035,-0.02154011757543413,0.37669853746047427,0.29381782216916524,-0.021540151677564498,0.37669862447844205,0.2936670454695628,-0.022105725753606868,0.37741024682400837
138,9.353311777114868,0.000692863139757617,0.0035977651938977734,6.248063266992089e-07,4.85148262860548e-07,0.2936056099918885,-0.021589351544446488,0.37689624011775436,0.29360561721971357,-0.02158964503810866,0.3768956885815591,0.293657392212184,-0.022112664220349687,0.37734737399515117
139,9.420536518096924,0.0005938330258157459,0.0020409539099572795,1.3367477400107624e-08,1.5677164432577814e-07,0.2936508704906686,-0.021543521492683144,0.37653321318596067,0.2936508733786679,-0.021543523118948697,0.3765332002358961,0.29360374430191355,-0.022110575261223855,0.3767031155357581
140,9.487741708755493,0.00021075614568938174,0.0032946483060518903,1.3519344185982333e-07,2.2672141731304142e-07,0.2937335327397138,-0.02226661590150923,0.3766463314452173,0.29373351423418637,-0.022266682059080216,0.3766462150064438,0.29360374430191355,-0.022110575261223855,0.3767031155357581
141,9.555051326751709,0.0004541134497766143,0.0016665996357481574,7.831082233942595e-08,3.830705159200084e-07,0.29375897542191476,-0.022339232170491875,0.37639942962813516,0.2937589603366053,-0.0223392247658143,0.3763993531416064,0.29361249796498357,-0.02210421933286716,0.37675933565202274
142,9.622607946395874,0.0004897955016942104,0.0018913655493987046,7.982491294256811e-07,7.695135831449007e-06,0.2935234594031807,-0.02193498623068325,0.37626815787703505,0.2935231051277687,-0.021935448591098236,0.37626870369151977,0.2936061497896607,-0.022108805457391904,0.3767185452768256
143,9.689860105514526,0.0005264273031365325,0.0029490579097254245,6.094299094067946e-08,5.621792016315134e-07,0.2936159198388802,-0.022036851688261982,0.37614816241237264,0.29361588288815227,-0.02203689994192661,0.3761481579095179,0.2935983422231044,-0.022114613568559788,0.37666851788979533
144,9.75710678100586,0.0007476326866164131,0.0017411338028771922,6.316186580647651e-07,1.0405784068102794e-06,0.2939222868397009,-0.021681654573852793,0.3759832067288408,0.29392235028766667,-0.021681605426883264,0.3759825802297903,0.2936372461882776,-0.02159190451087469,0.37666851788979533
145,9.824352741241455,0.0006465626061849983,0.002318925159356234,6.660689271268917e-07,8.11826823944705e-08,0.2937255252446462,-0.0217857348572296,0.3761436425287319,0.29372562512175576,-0.021785512293555676,0.3761430227402279,0.29365035618647883,-0.02158222162460477,0.37675271984776254
146,9.891571998596191,0.0003844386102337036,0.003399281465796892,1.0264128774639022e-06,1.7180688426440673e-06,0.29368936447549976,-0.021757736677217473,0.37634089024771683,0.2936893956687195,-0.02175834805449856,0.3763400663738198,0.2936395496096784,-0.021590165398667968,0.37668328094675363
147,9.958725214004517,0.0006596134593924742,0.0038392644150206197,1.0018021815073768e-06,5.5429188747720514e-06,0.2939158295273797,-0.021595649281349324,0.376038583667994,0.2939152542706245,-0.02159644170953923,0.3760387951977561,0.29363184194678116,-0.021596047713804113,0.3766339329865701
148,10.025997400283813,0.0003363395430043495,0.005350338806057266,2.0638188473433093e-07,1.2475863667124051e-06,0.29380657552198836,-0.02155320142810082,0.3764590799392421,0.2938064287368377,-0.021553249378982016,0.3764592168637282,0.29365083559743876,-0.021581877475674086,0.37675580716816665
149,10.093144655227661,0.0002451054441468673,0.0037469373913631807,2.1117390672255082e-08,1.323624652397156e-07,0.2938056298745797,-0.021667424162876942,0.37652199662047403,0.29380561124539717,-0.021667428246552052,0.37652200568807265,0.2936398245309967,-0.021589958903294734,0.37668504385396057
150,10.160338163375854,0.00010582074329942291,0.0014566404402392033,5.832513683875345e-07,6.316235206216303e-06,0.29370606164434665,-0.02160923801009137,0.3765484912150033,0.293706062317222,-0.02160966674245563,0.3765488866518071,0.29362980864203714,-0.021597629339366393,0.3766209394593935
151,10.227660417556763,0.000305610796856551,0.001720330432264806,3.415710010728847e-07,2.1379536294863057e-06,0.2936503259077403,-0.02168613031504812,0.3763291440203155,0.29365000290842547,-0.021686173624484554,0.3763290417144794,0.29362980864203714,-0.021597629339366393,0.3766209394593935
152,10.295214414596558,0.0004514801500667147,0.0012858203380271044,4.692188475283881e-07,2.338552885132747e-07,0.2934755700549705,-0.02175106571572993,0.3762711636967741,0.2934756333401284,-0.021750957832071385,0.37627071145521046,0.2936112601400233,-0.021411557728813688,0.3765360350873445
153,10.362462043762207,0.0005579062486146515,0.002301933807546661,6.985289343602878e-07,2.1773265936744776e-06,0.2936322986405048,-0.021781219730726095,0.3759336290004464,0.2936323623888228,-0.021781114817612957,0.3759329413435096,0.293560052317879,-0.02177770098717707,0.37648682649642246
154,10.429946184158325,0.0005916767595136629,0.0026787794893260324,4.168572295404867e-07,1.8799158317754772e-06,0.2937421588006155,-0.021498774155101597,0.37611326396252115,0.29374179974835535,-0.021498565793458033,0.37611322605671954,0.2935692273926427,-0.021886295412228807,0.37652557863744757
155,10.497504472732544,0.0006065140183441658,0.00344169408933713,3.4755515225495693e-07,1.5308807551298258e-06,0.29369270054296376,-0.0213263133202728,0.37569816343159856,0.2936923805907523,-0.021326181252576473,0.37569813207414593,0.2935118066241585,-0.0218839847522792,0.37585353144153366
156,10.564892768859863,6.504612168132748e-05,0.002048552458779476,1.5871372912176673e-07,1.5862272942859256e-06,0.29361204224983684,-0.021088879512190087,0.3759350681066352,0.2936119684896187,-0.02108891925302918,0.37593520290331073,0.2935745779441771,-0.021088822544581304,0.37598824160099004
157,10.632107019424438,0.00026834726496628936,0.0027103837774704567,1.2763239885484333e-07,1.4693775094846315e-06,0.293521732836425,-0.021166561368264093,0.37573689657021764,0.2935216175189955,-0.021166566036791817,0.37573684207136865,0.2935745779441771,-0.021088822544581304,0.37598824160099004
158,10.69935655593872,0.0003147015538214371,0.001284127674415009,5.32843715181569e-08,5.508148900701633e-07,0.29324718009084183,-0.020985881116580084,0.37558149358518145,0.29324716158528463,-0.020985886619638003,0.37558154324890014,0.2935335363236156,-0.02108402601974691,0.3754954427053974
159,10.766540765762329,0.0005397816011513943,0.0036306040383577006,3.6973894355283856e-07,4.0444618228161296e-06,0.2929692125584329,-0.021064667716735142,0.37520733412940294,0.2929691914315263,-0.021064997979817302,0.3752074990137162,0.29348746672961157,-0.021095743984716878,0.3750596484612906
160,10.833850860595703,0.0003870318117635538,0.0028460059271272187,3.34564700197194e-08,2.142383003826484e-07,0.2929411679544767,-0.020352982992347023,0.37457396950031274,0.2929411639038474,-0.02035297182219531,0.37457393822483515,0.29296238370553385,-0.02034026892117314,0.3741877288141878
161,10.901255369186401,0.0003188062570207673,0.0020308297071426626,3.852513080928066e-07,1.6478631653183583e-07,0.292748090039455,-0.020118218699913606,0.3741465161708637,0.2927481313557157,-0.020118138286898773,0.3741461416774939,0.29295038975712573,-0.02033479666951511,0.37402901622690954
162,10.96879267692566,0.00026260675481309633,0.001959201369943023,7.336664793047702e-07,2.32775213590072e-06,0.29264822070792434,-0.01955828939547073,0.3737167209279913,0.292648074137112,-0.019558766313102157,0.3737161830310935,0.29255614184705986,-0.019512647416561443,0.3739583830905584
163,11.036131858825684,0.0005377945500421029,0.0008296160258113865,9.047306890368006e-07,7.783138882939322e-07,0.292371186453865,-0.019174010159950888,0.37355091131705126,0.29237129575570486,-0.01917371591593286,0.37355006278232283,0.29262199329604704,-0.019451924723168406,0.37393702321989974
164,11.103322505950928,0.0007253416386784679,0.0015781800815013467,4.639825732741942e-07,3.2411384195006785e-06,0.29248471579724467,-0.01866645422915403,0.3733346863478254,0.29248456080736157,-0.018666716177795886,0.3733343361466354,0.29265339645967225,-0.01902724593585515,0.37394090138500236
165,11.170543432235718,0.0006327746350566463,0.0026105744710857312,4.942259853593768e-08,1.8947170486929634e-07,0.29256034580432144,-0.018177382438091125,0.37298597553367985,0.29256029721753696,-0.018177376207503697,0.37298596896881886,0.2926823031212742,-0.018553239868428523,0.37348020356169215
166,11.237785339355469,0.0006121904091465688,0.002544795356673371,1.1650673076001207e-06,2.8867908471009252e-06,0.2921083736687162,-0.018098517155494678,0.3728720633881975,0.29210772688582787,-0.01809935544002594,0.37287157724750675,0.292529944837005,-0.01853741595418501,0.3728055600677777
167,11.30506944656372,0.0002749453818021555,0.003762409432413999,2.4576453022686927e-07,1.5536596884939495e-06,0.2919501160576544,-0.0179829191896442,0.37294709095862505,0.29194989775421964,-0.017982945886892244,0.3729469812723833,0.2921004388139197,-0.01798483965912844,0.37317729596230675
