run,steps,xyz_end_mm,rot_2nd_diff_deg,rot_vel_deg_s,rot_vel_deg_s_lo,rot_vel_deg_s_hi,rot_accel_deg_s2,rot_accel_deg_s2_lo,rot_accel_deg_s2_hi,rot_jerk_deg_s3,rot_jerk_deg_s3_lo,rot_jerk_deg_s3_hi,xyz_vel_mm_s,xyz_vel_mm_s_lo,xyz_vel_mm_s_hi,xyz_accel_mm_s2,xyz_accel_mm_s2_lo,xyz_accel_mm_s2_hi,xyz_jerk_mm_s3,xyz_jerk_mm_s3_lo,xyz_jerk_mm_s3_hi,gt_rot_vel_deg_s,gt_rot_accel_deg_s2,gt_rot_jerk_deg_s3,gt_xyz_vel_mm_s,gt_xyz_accel_mm_s2,gt_xyz_jerk_mm_s3
act_r18_flow_u_lr1e5_seed2000_100000steps,50000,14.652,0.7334,14.590,14.256,14.937,212.19,204.76,219.75,11042.8,10600.0,11494.3,83.63,81.13,86.28,2747.11,2685.82,2810.55,148903.44,145142.73,152738.28,8.252,65.95,2793.0,73.45,627.72,29521.30
act_r18_flow_u_lr1e5_seed3000_100000steps,50000,15.309,0.7646,14.370,14.087,14.664,199.01,193.34,204.81,9967.7,9629.6,10318.6,70.47,68.68,72.29,2911.64,2844.12,2981.67,157539.35,153334.63,161814.15,8.252,65.95,2793.0,73.45,627.72,29521.30
act_r18_l1_seed2000_100000steps,100000,9.585,0.0355,4.651,4.381,4.932,24.99,23.57,26.48,1272.0,1191.3,1359.7,63.20,60.20,66.20,312.99,299.80,326.70,15732.02,14962.97,16546.26,8.252,65.95,2793.0,73.45,627.72,29521.30
act_r18_l1_seed3000_100000steps,100000,9.881,0.0440,5.349,5.015,5.702,30.93,28.78,33.18,1470.1,1364.6,1579.6,62.63,60.07,65.25,294.48,282.67,306.67,13010.76,12432.83,13607.25,8.252,65.95,2793.0,73.45,627.72,29521.30
act_r50_v1_vae_2frame_seed1000_0100000steps,100000,9.032,0.0401,5.527,5.157,5.911,25.85,24.26,27.55,1233.3,1152.2,1320.2,67.05,64.16,69.92,317.55,306.84,329.00,15112.21,14540.40,15704.54,8.252,65.95,2793.0,73.45,627.72,29521.30
act_r50_v1_vae_2frame_seed1000_0200000steps,200000,9.368,0.0328,5.150,4.847,5.457,21.67,20.37,23.02,958.4,897.0,1024.2,61.54,58.95,64.18,248.94,241.05,257.02,10998.55,10561.07,11446.68,8.252,65.95,2793.0,73.45,627.72,29521.30
act_r50_v1_vae_2frame_seed1000_0300000steps,300000,9.825,0.0329,5.435,5.115,5.765,21.68,20.50,22.88,870.3,823.0,919.0,63.03,60.36,65.74,255.53,246.83,264.23,9840.38,9464.36,10211.62,8.252,65.95,2793.0,73.45,627.72,29521.30
act_r50_v1_vae_2frame_seed1000_0400000steps,400000,10.089,0.0296,5.184,4.908,5.465,19.00,18.04,19.95,612.5,581.8,644.9,58.89,56.49,61.32,221.90,214.86,229.03,7271.32,7006.22,7545.89,8.252,65.95,2793.0,73.45,627.72,29521.30
act_r50_v1_vae_2frame_seed1000_0500000steps,500000,9.879,0.0296,5.139,4.854,5.431,18.72,17.81,19.63,678.7,647.0,711.6,62.34,59.73,64.93,228.79,221.34,236.12,7617.85,7329.84,7913.47,8.252,65.95,2793.0,73.45,627.72,29521.30
act_r50_v1_vae_noproprio_seed1000_0100000steps,100000,13.549,0.0519,5.792,5.408,6.172,33.80,31.54,36.14,1770.3,1628.1,1917.4,53.58,50.77,56.54,345.73,331.76,360.32,17633.87,16874.22,18401.21,8.252,65.95,2793.0,73.45,627.72,29521.30
act_r50_v1_vae_noproprio_seed1000_0200000steps,200000,12.713,0.0368,5.859,5.475,6.255,25.15,23.69,26.59,1070.3,1008.3,1132.7,59.63,56.70,62.78,278.36,267.66,290.02,12507.07,11928.50,13133.36,8.252,65.95,2793.0,73.45,627.72,29521.30
act_r50_v1_vae_noproprio_seed1000_0300000steps,300000,13.408,0.0387,6.567,6.157,6.991,26.79,25.31,28.31,1053.1,984.8,1124.5,61.86,58.84,65.14,252.50,243.95,261.65,10213.01,9747.43,10716.56,8.252,65.95,2793.0,73.45,627.72,29521.30
act_r50_v1_vae_noproprio_seed1000_0400000steps,400000,13.099,0.0346,6.062,5.707,6.430,23.13,21.81,24.50,852.0,795.4,910.2,60.15,57.27,63.14,236.05,227.44,245.03,8546.95,8188.02,8925.56,8.252,65.95,2793.0,73.45,627.72,29521.30
act_r50_v1_vae_noproprio_seed1000_0500000steps,500000,13.190,0.0378,6.366,5.956,6.783,24.81,23.32,26.37,857.3,801.0,916.1,61.18,58.23,64.32,233.07,224.93,241.71,8170.37,7825.88,8530.75,8.252,65.95,2793.0,73.45,627.72,29521.30
act_r50_v1_vae_seed1000_0100000steps,100000,9.198,0.0425,4.741,4.414,5.089,25.84,24.25,27.54,1254.4,1177.5,1336.6,65.03,62.18,67.91,313.17,300.52,326.04,14515.14,13849.32,15194.01,8.252,65.95,2793.0,73.45,627.72,29521.30
act_r50_v1_vae_seed1000_0200000steps,200000,9.469,0.0302,5.086,4.741,5.459,19.70,18.59,20.87,803.8,760.8,849.1,66.21,63.26,69.12,267.44,257.59,277.89,11430.73,10961.19,11932.49,8.252,65.95,2793.0,73.45,627.72,29521.30
act_r50_v1_vae_seed1000_0300000steps,300000,9.814,0.0284,4.800,4.501,5.118,18.74,17.66,19.89,780.5,736.0,828.8,59.03,56.26,61.81,233.69,225.31,242.35,9771.88,9363.03,10186.69,8.252,65.95,2793.0,73.45,627.72,29521.30
act_r50_v1_vae_seed1000_0400000steps,400000,10.027,0.0283,5.237,4.888,5.617,18.45,17.30,19.68,662.1,626.7,700.0,60.05,57.37,62.70,211.82,202.85,221.07,7337.17,6937.87,7760.55,8.252,65.95,2793.0,73.45,627.72,29521.30
act_r50_v1_vae_seed1000_0500000steps,500000,10.245,0.0267,5.201,4.869,5.562,17.11,16.13,18.16,561.5,528.6,597.8,59.22,56.68,61.79,198.11,191.87,204.34,6777.94,6531.29,7032.68,8.252,65.95,2793.0,73.45,627.72,29521.30
act_r50_v1_vae_seed1000_0600000steps,600000,10.340,0.0274,4.935,4.643,5.248,17.23,16.28,18.19,488.0,462.1,515.0,59.98,57.39,62.58,194.94,188.29,201.95,5168.49,4975.73,5375.02,8.252,65.95,2793.0,73.45,627.72,29521.30
act_r50_v1_vae_seed1000_0700000steps,700000,10.589,0.0291,5.096,4.791,5.416,17.70,16.70,18.74,470.2,447.0,494.9,59.49,56.94,62.13,192.77,186.41,199.23,4965.08,4787.59,5148.58,8.252,65.95,2793.0,73.45,627.72,29521.30
act_r50_v1_vae_seed1000_0800000steps,800000,10.579,0.0321,5.322,5.011,5.652,19.06,18.06,20.08,459.3,436.5,482.5,58.88,56.26,61.57,194.37,187.30,201.80,4444.66,4268.87,4624.15,8.252,65.95,2793.0,73.45,627.72,29521.30
act_r50_v1_vae_seed1000_0900000steps,900000,10.690,0.0330,5.097,4.811,5.395,19.29,18.28,20.32,479.2,456.5,502.5,57.97,55.51,60.40,195.62,189.01,202.50,4672.03,4515.91,4830.61,8.252,65.95,2793.0,73.45,627.72,29521.30
act_r50_v1_vae_seed1000_1000000steps,1000000,10.606,0.0360,5.268,4.985,5.571,20.60,19.57,21.66,519.2,494.3,544.5,59.62,57.10,62.16,202.70,195.58,209.96,4469.76,4297.15,4646.58,8.252,65.95,2793.0,73.45,627.72,29521.30
act_r50_v1_vae_state10_seed1000_0100000steps,100000,7.965,0.0343,5.164,4.802,5.541,23.23,21.79,24.76,1124.7,1052.6,1203.0,60.50,57.99,63.11,274.14,264.85,283.83,13276.46,12784.46,13789.74,8.252,65.95,2793.0,73.45,627.72,29521.30
act_r50_v1_vae_state10_seed1000_0200000steps,200000,7.859,0.0292,5.525,5.165,5.907,20.21,19.14,21.31,766.9,727.4,808.1,62.29,59.48,65.14,203.48,195.61,211.77,7894.56,7583.74,8230.75,8.252,65.95,2793.0,73.45,627.72,29521.30
act_r50_v1_vae_state10_seed1000_0300000steps,300000,8.494,0.0269,5.075,4.752,5.422,18.37,17.34,19.43,676.3,637.6,715.1,58.59,56.00,61.26,206.95,199.69,214.51,8056.20,7760.37,8360.78,8.252,65.95,2793.0,73.45,627.72,29521.30
act_r50_v1_vae_state10_seed1000_0400000steps,400000,8.184,0.0276,5.146,4.824,5.485,18.88,17.81,20.05,697.0,653.4,744.2,62.13,59.46,64.84,208.85,201.08,216.75,7900.22,7589.81,8216.80,8.252,65.95,2793.0,73.45,627.72,29521.30
act_r50_v1_vae_state10_seed1000_0500000steps,500000,8.585,0.0276,5.075,4.761,5.395,18.31,17.33,19.35,648.2,614.2,683.3,58.70,56.12,61.38,201.04,193.72,208.47,6779.94,6509.05,7048.29,8.252,65.95,2793.0,73.45,627.72,29521.30
act_r50_v1_vae_state5_seed1000_0100000steps,100000,9.332,0.0427,5.615,5.278,5.956,26.91,25.49,28.43,1263.4,1184.3,1349.7,64.90,61.87,67.93,313.27,302.80,324.53,14834.23,14220.67,15496.02,8.252,65.95,2793.0,73.45,627.72,29521.30
act_r50_v1_vae_state5_seed1000_0200000steps,200000,8.158,0.0326,5.107,4.798,5.425,21.82,20.60,23.08,1004.6,942.3,1068.2,63.57,60.74,66.38,274.07,262.22,286.71,12600.75,11949.38,13309.18,8.252,65.95,2793.0,73.45,627.72,29521.30
act_r50_v1_vae_state5_seed1000_0300000steps,300000,8.437,0.0328,6.022,5.662,6.400,22.05,20.75,23.38,791.1,746.3,838.3,67.53,64.48,70.52,246.28,238.17,254.53,9247.45,8888.64,9607.19,8.252,65.95,2793.0,73.45,627.72,29521.30
act_r50_v1_vae_state5_seed1000_0400000steps,400000,8.550,0.0290,5.501,5.181,5.832,19.35,18.18,20.57,602.1,565.0,640.7,63.72,61.02,66.43,212.50,205.21,219.84,6605.43,6314.59,6916.96,8.252,65.95,2793.0,73.45,627.72,29521.30
act_r50_v1_vae_state5_seed1000_0500000steps,500000,8.500,0.0285,5.118,4.825,5.428,18.14,17.12,19.21,635.9,598.2,675.4,63.86,60.93,66.83,218.34,210.68,225.80,7561.30,7274.71,7847.98,8.252,65.95,2793.0,73.45,627.72,29521.30
act_r50_vae_seed2000_100000steps,80000,9.149,0.0488,5.293,4.964,5.633,31.73,29.82,33.70,1552.8,1452.3,1660.8,64.75,61.99,67.59,352.33,338.22,366.83,16982.24,16240.49,17745.05,8.252,65.95,2793.0,73.45,627.72,29521.30
act_r50_vae_seed3000_100000steps,80000,9.178,0.0587,5.417,5.108,5.745,37.96,35.75,40.33,1982.5,1846.8,2125.2,68.23,65.47,71.00,430.14,414.46,446.18,23057.65,22130.50,24011.32,8.252,65.95,2793.0,73.45,627.72,29521.30
act_umi_identity_rot6d_1459_0100000steps,100000,13.098,0.0430,5.917,5.568,6.283,28.01,26.17,29.82,1340.4,1249.4,1434.1,61.50,58.44,64.74,352.52,336.40,368.98,17637.84,16812.02,18506.29,8.252,65.95,2793.0,73.45,627.72,29521.30
act_umi_identity_rot6d_1459_0200000steps,200000,12.385,0.0322,5.955,5.632,6.296,22.71,21.39,24.03,968.8,906.3,1031.5,63.45,60.55,66.46,296.24,284.26,308.69,13476.80,12856.42,14141.45,8.252,65.95,2793.0,73.45,627.72,29521.30
act_umi_identity_rot6d_1459_0300000steps,300000,12.277,0.0330,5.972,5.674,6.278,22.50,21.24,23.76,892.3,837.3,947.6,61.94,59.42,64.54,268.86,259.09,278.78,11414.17,10930.79,11912.54,8.252,65.95,2793.0,73.45,627.72,29521.30
act_umi_identity_rot6d_1459_0400000steps,400000,12.256,0.0332,6.337,6.034,6.637,22.22,21.00,23.44,820.2,773.0,866.9,63.99,61.45,66.59,248.02,239.39,256.91,8920.66,8563.02,9292.73,8.252,65.95,2793.0,73.45,627.72,29521.30
act_umi_identity_rot6d_1459_0500000steps,500000,12.153,0.0320,5.892,5.618,6.161,19.95,18.94,20.93,617.0,582.7,651.3,58.72,56.23,61.28,226.89,218.33,235.66,7454.56,7138.94,7782.40,8.252,65.95,2793.0,73.45,627.72,29521.30
act_umi_identity_rot6d_1459_0600000steps,600000,12.405,0.0354,5.894,5.644,6.147,21.95,20.85,23.12,646.6,609.8,683.6,60.02,57.65,62.41,230.26,222.89,237.63,6754.49,6473.36,7038.04,8.252,65.95,2793.0,73.45,627.72,29521.30
act_umi_identity_rot6d_1459_0700000steps,700000,12.252,0.0364,5.919,5.669,6.170,21.88,20.85,22.96,670.4,635.6,707.4,60.59,58.22,62.99,227.06,218.99,235.58,6328.94,6088.13,6573.68,8.252,65.95,2793.0,73.45,627.72,29521.30
act_umi_identity_rot6d_1459_0800000steps,800000,12.135,0.0347,5.670,5.424,5.919,21.16,20.18,22.18,576.4,546.6,607.9,56.46,54.09,58.81,213.35,206.71,220.29,5531.26,5325.31,5738.17,8.252,65.95,2793.0,73.45,627.72,29521.30
act_umi_identity_rot6d_1459_0900000steps,900000,12.251,0.0376,5.833,5.572,6.091,21.19,20.14,22.22,508.5,482.2,536.3,60.17,57.71,62.67,214.29,207.26,221.73,4714.03,4560.20,4871.32,8.252,65.95,2793.0,73.45,627.72,29521.30
act_umi_identity_rot6d_1459_1000000steps,1000000,12.113,0.0398,5.917,5.662,6.163,22.39,21.30,23.50,599.4,569.7,629.8,60.18,57.68,62.75,225.91,218.55,233.67,5740.60,5521.85,5963.67,8.252,65.95,2793.0,73.45,627.72,29521.30
act_umi_identity_rot6d_1459_1100000steps,1100000,12.100,0.0417,5.921,5.672,6.161,24.13,23.01,25.26,603.6,574.2,634.9,58.78,56.56,61.05,224.71,218.09,231.74,5185.10,5015.05,5355.14,8.252,65.95,2793.0,73.45,627.72,29521.30
act_umi_identity_rot6d_1459_1200000steps,1200000,12.079,0.0422,5.844,5.590,6.088,23.95,22.79,25.12,601.4,571.9,632.1,56.70,54.35,59.05,224.62,217.68,231.80,5145.27,4948.87,5340.33,8.252,65.95,2793.0,73.45,627.72,29521.30
act_umi_identity_rot6d_1459_1300000steps,1300000,12.112,0.0435,5.826,5.581,6.068,25.11,23.87,26.34,623.4,591.4,655.3,57.06,54.81,59.32,232.88,225.37,240.47,5349.75,5152.81,5553.94,8.252,65.95,2793.0,73.45,627.72,29521.30
act_umi_identity_rot6d_1459_1400000steps,1400000,12.158,0.0468,6.065,5.819,6.308,26.20,24.98,27.41,658.1,623.0,693.9,59.17,56.93,61.41,240.76,233.44,248.38,5439.22,5238.59,5653.88,8.252,65.95,2793.0,73.45,627.72,29521.30
act_umi_identity_rot6d_1459_1500000steps,1500000,12.026,0.0449,5.808,5.571,6.045,25.41,24.20,26.62,616.5,586.3,647.0,56.07,53.97,58.21,227.07,220.58,233.60,4978.98,4801.78,5155.35,8.252,65.95,2793.0,73.45,627.72,29521.30
act_umi_identity_rot6d_1459_1600000steps,1600000,12.181,0.0493,5.992,5.753,6.228,26.57,25.26,27.88,636.3,600.6,674.5,59.34,57.10,61.58,239.88,232.64,247.32,4627.97,4458.44,4807.55,8.252,65.95,2793.0,73.45,627.72,29521.30
act_umi_identity_rot6d_1459_1700000steps,1700000,12.085,0.0518,6.176,5.915,6.439,28.82,27.31,30.39,729.4,693.0,766.9,58.35,55.99,60.72,245.45,237.86,253.03,5342.24,5156.75,5532.83,8.252,65.95,2793.0,73.45,627.72,29521.30
act_umi_identity_rot6d_1459_1800000steps,1800000,12.116,0.0512,6.121,5.864,6.373,28.07,26.65,29.53,742.0,708.4,777.3,59.24,56.97,61.57,247.21,240.17,254.34,5555.49,5350.08,5764.91,8.252,65.95,2793.0,73.45,627.72,29521.30
act_umi_identity_rot6d_1459_1900000steps,1900000,12.132,0.0514,6.101,5.853,6.349,28.61,27.15,30.12,683.5,645.4,722.9,56.99,54.96,59.04,234.75,227.93,241.61,4830.03,4647.88,5020.59,8.252,65.95,2793.0,73.45,627.72,29521.30
act_umi_identity_rot6d_1459_2000000steps,2000000,11.981,0.0532,6.020,5.775,6.259,28.98,27.44,30.53,676.4,637.3,716.1,57.10,54.94,59.29,234.11,226.50,241.57,4585.41,4404.32,4774.06,8.252,65.95,2793.0,73.45,627.72,29521.30
act_umi_identity_rot6d_1459_2100000steps,2100000,12.119,0.0548,6.132,5.871,6.396,29.80,28.28,31.38,760.7,722.1,801.3,59.59,57.29,61.86,259.96,251.66,268.80,5902.36,5671.77,6162.70,8.252,65.95,2793.0,73.45,627.72,29521.30
act_umi_identity_rot6d_1459_2200000steps,2200000,11.960,0.0553,6.044,5.797,6.290,30.49,28.89,32.18,786.1,738.9,836.2,57.48,55.30,59.65,246.16,238.69,253.59,5163.25,4968.24,5359.92,8.252,65.95,2793.0,73.45,627.72,29521.30
act_umi_identity_rot6d_1459_2300000steps,2300000,11.984,0.0538,5.859,5.626,6.091,29.26,27.72,30.86,746.3,703.8,791.7,57.01,54.91,59.14,236.45,229.75,243.12,5068.20,4909.67,5227.35,8.252,65.95,2793.0,73.45,627.72,29521.30
act_umi_identity_rot6d_1459_2400000steps,2400000,12.061,0.0555,5.876,5.627,6.130,29.75,28.14,31.41,763.1,719.8,808.2,57.74,55.68,59.78,239.65,232.46,246.81,5210.74,5032.26,5401.45,8.252,65.95,2793.0,73.45,627.72,29521.30
act_umi_identity_rot6d_1459_2500000steps,2500000,12.080,0.0574,6.078,5.830,6.331,30.46,28.84,32.09,826.3,782.5,871.4,56.01,53.88,58.15,240.08,233.06,247.10,5915.04,5708.34,6130.97,8.252,65.95,2793.0,73.45,627.72,29521.30
act_umi_identity_rot6d_1459_2600000steps,2600000,11.954,0.0596,6.063,5.815,6.311,32.44,30.75,34.19,863.9,814.6,915.6,57.60,55.47,59.72,250.35,242.21,258.49,5457.60,5247.41,5681.56,8.252,65.95,2793.0,73.45,627.72,29521.30
act_umi_identity_rot6d_1459_2700000steps,2700000,11.980,0.0584,6.053,5.814,6.291,31.42,29.89,32.98,833.3,788.8,878.0,57.29,55.22,59.38,242.22,234.90,249.57,4987.69,4801.72,5178.85,8.252,65.95,2793.0,73.45,627.72,29521.30
act_umi_identity_rot6d_1459_2800000steps,2800000,12.047,0.0592,6.157,5.914,6.407,31.36,29.73,33.12,824.3,773.1,878.8,56.72,54.69,58.77,243.61,236.69,250.49,5009.75,4820.01,5211.33,8.252,65.95,2793.0,73.45,627.72,29521.30
act_umi_identity_rot6d_1459_2900000steps,2900000,11.939,0.0614,6.134,5.895,6.377,32.24,30.59,34.00,847.8,796.3,902.8,57.63,55.56,59.70,242.13,234.83,249.37,5286.39,5085.24,5494.90,8.252,65.95,2793.0,73.45,627.72,29521.30
act_umi_identity_rot6d_1459_3000000steps,3000000,11.989,0.0634,6.256,5.996,6.519,34.04,32.23,35.94,902.7,845.9,962.2,57.40,55.34,59.50,250.68,243.41,257.96,5260.55,5064.55,5458.43,8.252,65.95,2793.0,73.45,627.72,29521.30
lingbot_va_axis_angle_seed1000_100000steps,100000,19.973,0.2230,8.863,8.448,9.291,108.45,103.32,113.64,5629.0,5333.2,5936.6,53.23,51.02,55.57,1447.30,1391.40,1504.90,77998.81,74792.71,81317.26,8.252,65.95,2793.0,73.45,627.72,29521.30
lingbot_va_axis_angle_seed1000_200000steps,200000,19.323,0.2092,8.430,8.047,8.840,107.16,102.05,112.24,5562.6,5267.2,5857.1,52.60,50.61,54.63,1308.28,1256.97,1360.87,69326.23,66402.27,72359.79,8.252,65.95,2793.0,73.45,627.72,29521.30
lingbot_va_axis_angle_seed1000_50000steps,50000,21.314,0.2043,9.425,9.019,9.848,94.49,91.02,97.96,4539.8,4352.8,4734.7,52.05,50.02,54.14,963.81,931.17,997.04,49477.17,47687.98,51306.11,8.252,65.95,2793.0,73.45,627.72,29521.30
pi05_lora_sroi_rot6d_h30_bs4_1m_seed1000_0100000steps,100000,11.092,0.2455,7.226,6.941,7.536,84.56,81.14,87.89,4458.1,4259.7,4653.8,71.78,69.11,74.48,1185.68,1152.63,1219.40,63868.08,61933.70,65830.87,8.252,65.95,2793.0,73.45,627.72,29521.30
pi05_lora_sroi_rot6d_h30_seed1000_0020000steps,20000,10.095,0.1615,6.116,5.819,6.424,62.83,60.71,64.93,3284.8,3157.0,3412.5,60.68,58.65,62.76,851.54,830.01,873.73,45456.45,44157.53,46775.75,8.252,65.95,2793.0,73.45,627.72,29521.30
pi05_lora_sroi_rot6d_seed1000_0020000steps,20000,10.668,0.1599,6.323,6.035,6.616,64.31,62.17,66.58,3330.9,3199.4,3469.4,60.04,57.92,62.24,881.53,861.67,901.73,46084.23,44925.53,47287.91,8.252,65.95,2793.0,73.45,627.72,29521.30
pi05_lora_sroi_rotvec_seed1000_0020000steps,20000,11.007,0.2013,6.179,5.904,6.467,72.06,69.18,74.95,3745.2,3583.7,3912.1,52.52,50.50,54.65,824.45,806.62,842.51,44106.02,42997.42,45225.76,8.252,65.95,2793.0,73.45,627.72,29521.30
pi05_openpi1m_seed1000_0100001steps,100001,10.776,0.1435,6.200,5.899,6.510,58.50,56.67,60.32,3054.2,2942.8,3164.8,61.67,59.26,64.16,785.11,763.31,807.77,41528.22,40231.60,42873.47,8.252,65.95,2793.0,73.45,627.72,29521.30
pi05_port_openpi_recipe_seed1000_020000steps,20000,9.400,0.0861,6.305,5.971,6.650,40.18,38.63,41.81,1888.7,1804.4,1978.6,63.32,60.13,66.52,452.04,441.73,462.17,21826.68,21283.24,22373.23,8.252,65.95,2793.0,73.45,627.72,29521.30
pi05_port_seed1000_0050000steps,50000,9.487,0.1187,6.850,6.535,7.187,54.60,52.63,56.62,2732.0,2626.1,2844.9,58.98,56.04,61.90,599.38,581.38,617.78,30698.64,29615.01,31782.17,8.252,65.95,2793.0,73.45,627.72,29521.30
pi05_port_seed1000_0100000steps,100000,9.012,0.1809,7.174,6.874,7.478,70.80,68.27,73.35,3681.9,3533.8,3835.0,66.63,63.74,69.59,953.04,921.68,985.46,51057.19,49115.95,53077.17,8.252,65.95,2793.0,73.45,627.72,29521.30
pi05_port_seed1000_0150000steps,150000,9.101,0.1524,6.473,6.164,6.793,61.60,59.46,63.79,3160.8,3029.9,3294.9,65.44,62.50,68.42,766.91,743.18,791.13,40690.09,39203.51,42195.62,8.252,65.95,2793.0,73.45,627.72,29521.30
pi05_port_seed1000_0200000steps,200000,8.825,0.0837,5.847,5.541,6.155,38.14,36.70,39.55,1754.6,1679.7,1829.8,61.30,58.40,64.23,417.80,406.04,429.91,20480.08,19769.45,21216.49,8.252,65.95,2793.0,73.45,627.72,29521.30
pi05_port_seed1000_0250000steps,250000,8.786,0.0872,5.886,5.607,6.166,40.29,38.82,41.74,1841.4,1764.1,1921.6,64.08,61.31,66.95,432.22,420.65,444.03,20611.78,19947.41,21298.73,8.252,65.95,2793.0,73.45,627.72,29521.30
pi05_port_seed1000_0300000steps,300000,8.834,0.1368,6.095,5.819,6.376,55.13,53.10,57.15,2760.9,2636.0,2887.0,62.50,59.75,65.30,690.41,668.38,712.25,36287.73,34944.43,37629.64,8.252,65.95,2793.0,73.45,627.72,29521.30
pi05_port_seed1000_0350000steps,350000,8.873,0.0975,5.950,5.663,6.251,43.26,41.93,44.61,2009.3,1935.6,2085.5,63.32,60.47,66.20,477.07,463.86,490.45,23954.84,23094.15,24801.07,8.252,65.95,2793.0,73.45,627.72,29521.30
pi05_port_seed1000_0400000steps,400000,8.760,0.0810,5.406,5.120,5.697,36.22,35.11,37.36,1630.0,1570.9,1690.3,60.94,58.15,63.78,401.70,391.52,411.98,19522.13,18915.86,20138.10,8.252,65.95,2793.0,73.45,627.72,29521.30
pi05_port_seed1000_0450000steps,450000,8.985,0.0834,5.795,5.510,6.080,37.98,36.68,39.34,1691.7,1620.8,1765.9,62.45,59.56,65.35,427.35,417.45,437.95,20830.40,20210.44,21493.35,8.252,65.95,2793.0,73.45,627.72,29521.30
pi05_port_seed1000_0500000steps,500000,8.825,0.0894,5.877,5.594,6.157,40.47,38.97,42.03,1740.9,1667.5,1813.7,61.16,58.43,63.86,421.24,410.33,432.32,20062.54,19482.56,20653.05,8.252,65.95,2793.0,73.45,627.72,29521.30
pi05_port_seed1000_0550000steps,550000,8.789,0.0758,5.670,5.379,5.966,35.11,33.80,36.46,1471.9,1412.8,1533.1,60.14,57.40,62.91,349.02,341.18,357.14,16107.24,15644.30,16586.63,8.252,65.95,2793.0,73.45,627.72,29521.30
pi05_port_seed1000_0600000steps,600000,8.911,0.0893,5.837,5.540,6.143,39.89,38.56,41.29,1719.7,1659.1,1781.1,61.89,59.17,64.64,418.45,408.85,428.37,19936.49,19340.44,20556.27,8.252,65.95,2793.0,73.45,627.72,29521.30
pi05_port_seed1000_0650000steps,650000,9.036,0.0760,5.684,5.395,5.972,35.06,33.63,36.49,1452.6,1387.6,1517.9,60.13,57.42,62.87,349.80,339.84,359.59,16063.81,15530.95,16597.36,8.252,65.95,2793.0,73.45,627.72,29521.30
pi05_port_seed1000_0700000steps,700000,8.971,0.0725,5.610,5.320,5.903,34.28,32.94,35.66,1334.6,1282.4,1386.3,61.43,58.63,64.21,334.28,325.42,343.20,14422.68,14010.44,14839.92,8.252,65.95,2793.0,73.45,627.72,29521.30
pi05_port_seed1000_0750000steps,750000,8.971,0.0759,5.588,5.301,5.877,35.33,33.87,36.79,1440.9,1373.8,1506.9,59.81,57.09,62.56,356.17,345.96,366.44,16183.03,15651.18,16738.05,8.252,65.95,2793.0,73.45,627.72,29521.30
pi05_port_seed1000_0800000steps,800000,8.961,0.0771,5.673,5.385,5.964,36.00,34.56,37.51,1464.1,1402.6,1527.8,61.10,58.31,63.92,355.91,347.08,364.84,15733.62,15243.29,16246.76,8.252,65.95,2793.0,73.45,627.72,29521.30
pi05_port_seed1000_0850000steps,850000,8.860,0.0720,5.593,5.311,5.879,34.32,32.93,35.74,1345.4,1288.8,1401.9,60.67,57.85,63.53,330.28,321.62,338.94,14298.84,13887.33,14713.44,8.252,65.95,2793.0,73.45,627.72,29521.30
pi05_port_seed1000_0900000steps,900000,8.963,0.0851,5.706,5.427,5.991,38.54,37.06,40.05,1639.7,1573.9,1708.8,61.35,58.61,64.12,387.82,378.11,397.45,17697.79,17091.54,18310.57,8.252,65.95,2793.0,73.45,627.72,29521.30
pi05_port_seed1000_1000000steps,1000000,8.979,0.0739,5.663,5.380,5.947,35.06,33.61,36.59,1388.5,1328.4,1449.7,61.81,59.02,64.63,340.32,332.20,348.57,14703.10,14266.11,15158.02,8.252,65.95,2793.0,73.45,627.72,29521.30
smolvla_axis_angle_seed1000_100000steps,100000,9.108,0.4902,10.876,10.569,11.193,162.41,156.30,168.67,8285.2,7937.3,8638.6,78.47,75.77,81.12,2159.58,2101.02,2217.49,114502.14,111147.34,117846.65,8.252,65.95,2793.0,73.45,627.72,29521.30
smolvla_masked_seed1000_0100000steps,100000,10.570,1.2835,23.039,22.517,23.550,341.12,330.40,351.82,17086.5,16470.8,17703.5,125.18,122.57,127.82,5705.81,5557.30,5854.40,313554.19,304796.73,322330.56,8.252,65.95,2793.0,73.45,627.72,29521.30
smolvla_masked_seed1000_0200000steps,200000,10.412,0.7567,14.944,14.644,15.251,224.36,216.72,232.21,11414.1,10966.1,11874.9,87.47,85.04,89.97,3059.78,2984.20,3136.81,165478.90,160885.54,170142.95,8.252,65.95,2793.0,73.45,627.72,29521.30
smolvla_masked_seed1000_0300000steps,300000,9.362,0.8285,15.849,15.492,16.206,232.33,224.11,240.80,11775.0,11289.3,12280.8,96.19,93.86,98.58,3601.67,3508.95,3696.68,195779.99,190216.08,201408.73,8.252,65.95,2793.0,73.45,627.72,29521.30
smolvla_masked_seed1000_0400000steps,400000,8.995,0.8066,15.397,15.061,15.755,226.72,219.19,234.22,11597.2,11185.4,12004.8,87.63,85.48,89.79,3107.82,3029.00,3190.46,168798.86,163998.60,173798.87,8.252,65.95,2793.0,73.45,627.72,29521.30
smolvla_masked_seed1000_0500000steps,500000,9.186,0.4897,10.816,10.522,11.126,162.58,156.14,169.23,8437.4,8055.4,8821.1,78.19,75.96,80.41,2456.10,2391.59,2523.73,133204.56,129406.96,137168.94,8.252,65.95,2793.0,73.45,627.72,29521.30
smolvla_masked_seed1000_0600000steps,600000,9.504,0.4565,10.143,9.858,10.438,148.30,143.00,153.79,7694.3,7377.8,8021.2,69.78,67.56,72.05,1760.28,1711.97,1809.95,93890.75,91000.59,96864.60,8.252,65.95,2793.0,73.45,627.72,29521.30
smolvla_masked_seed1000_0700000steps,700000,9.148,0.4462,10.292,9.989,10.605,150.59,144.82,156.35,7847.3,7513.2,8170.6,70.79,68.30,73.31,1699.68,1659.25,1740.61,90574.71,88149.58,93012.83,8.252,65.95,2793.0,73.45,627.72,29521.30
smolvla_masked_seed1000_0800000steps,800000,9.230,0.4032,9.673,9.382,9.986,137.56,132.43,142.70,7195.9,6879.1,7512.9,67.69,65.44,70.00,1613.45,1572.91,1654.14,85852.30,83373.35,88384.31,8.252,65.95,2793.0,73.45,627.72,29521.30
smolvla_masked_seed1000_0900000steps,900000,9.147,0.4036,9.560,9.266,9.868,136.05,131.27,140.79,7087.9,6802.0,7371.6,67.07,64.81,69.35,1546.44,1506.24,1587.85,82035.91,79690.68,84428.55,8.252,65.95,2793.0,73.45,627.72,29521.30
smolvla_masked_seed1000_1000000steps,1000000,9.121,0.4010,9.568,9.271,9.883,135.29,130.53,140.13,7059.1,6768.0,7355.5,68.21,65.88,70.56,1555.30,1514.18,1598.21,82465.88,80083.39,84926.76,8.252,65.95,2793.0,73.45,627.72,29521.30
smolvla_rot6d_seed1000_0100000steps,100000,10.446,1.0447,19.142,18.741,19.545,283.52,273.43,293.61,14262.2,13698.5,14830.8,108.03,105.85,110.26,4548.47,4435.75,4664.36,247859.88,241371.91,254526.51,8.252,65.95,2793.0,73.45,627.72,29521.30
smolvla_rot6d_seed1000_0200000steps,200000,10.345,0.8746,16.760,16.445,17.085,244.18,235.64,253.00,12648.9,12115.0,13210.2,92.69,90.53,94.87,3449.29,3381.58,3518.61,186438.16,182247.13,190591.15,8.252,65.95,2793.0,73.45,627.72,29521.30
smolvla_rot6d_seed1000_0300000steps,300000,9.562,1.1641,21.390,20.967,21.803,303.24,292.59,314.25,15476.2,14816.4,16170.4,106.22,103.94,108.47,4261.07,4158.04,4363.76,232039.28,225812.70,238300.40,8.252,65.95,2793.0,73.45,627.72,29521.30
smolvla_rot6d_seed1000_0400000steps,400000,9.242,0.7057,14.293,13.987,14.618,210.65,203.12,218.37,10952.3,10509.0,11411.7,87.23,84.89,89.62,2816.32,2761.81,2871.86,151202.36,148010.06,154503.49,8.252,65.95,2793.0,73.45,627.72,29521.30
smolvla_rot6d_seed1000_0500000steps,500000,9.336,0.5262,11.484,11.201,11.788,171.43,165.29,178.05,9010.1,8637.4,9417.1,76.28,74.01,78.60,2230.12,2178.90,2280.58,120346.93,117303.28,123415.49,8.252,65.95,2793.0,73.45,627.72,29521.30
smolvla_rot6d_seed1000_0600000steps,600000,9.294,0.5261,11.512,11.192,11.856,174.82,167.75,182.52,9139.7,8696.3,9625.4,70.79,68.55,73.07,1878.94,1827.96,1931.78,100493.79,97406.56,103709.78,8.252,65.95,2793.0,73.45,627.72,29521.30
smolvla_rot6d_seed1000_0700000steps,700000,9.232,0.4908,11.213,10.895,11.549,165.02,158.20,172.46,8595.5,8178.7,9051.5,74.07,71.67,76.55,1919.89,1870.74,1969.31,102193.17,99316.30,105062.40,8.252,65.95,2793.0,73.45,627.72,29521.30
smolvla_rot6d_seed1000_0800000steps,800000,9.244,0.4381,10.458,10.137,10.807,151.86,145.39,159.15,8031.7,7638.8,8469.2,68.08,65.78,70.45,1582.47,1537.92,1626.82,83841.13,81296.38,86414.01,8.252,65.95,2793.0,73.45,627.72,29521.30
smolvla_rot6d_seed1000_0900000steps,900000,9.035,0.4336,10.278,9.961,10.622,148.46,142.26,155.24,7785.0,7402.7,8196.8,69.17,66.75,71.67,1558.41,1512.57,1604.61,82413.11,79711.13,85112.74,8.252,65.95,2793.0,73.45,627.72,29521.30
smolvla_rot6d_seed1000_1000000steps,1000000,9.019,0.4302,10.214,9.897,10.560,148.81,142.60,155.51,7820.5,7435.3,8231.4,70.29,67.90,72.79,1621.83,1573.35,1670.91,86311.30,83457.79,89198.03,8.252,65.95,2793.0,73.45,627.72,29521.30
smolvla_rot6d_seed1000_100000steps,100000,9.000,0.5570,11.834,11.555,12.110,177.67,170.81,184.67,9191.5,8773.0,9619.6,78.11,75.58,80.66,2163.37,2105.94,2220.79,114805.53,111413.41,118167.77,8.252,65.95,2793.0,73.45,627.72,29521.30
